1,Harvard University,USA,1,1,1,1,1,1,1,1,3,100,2015
2,Stanford University,USA,2,9,2,4,5,3,3,4,10,98.66,2015
3,Massachusetts Institute of Technology,USA,3,3,11,2,15,2,2,2,1,97.54,2015
4,University of Cambridge,United Kingdom,1,2,10,5,11,6,12,13,48,96.81,2015
5,University of Oxford,United Kingdom,2,7,13,10,7,12,7,9,15,96.46,2015
6,Columbia University,USA,4,13,6,9,13,13,11,12,4,96.14,2015
7,"University of California, Berkeley",USA,5,5,21,6,10,4,4,7,29,92.25,2015
8,University of Chicago,USA,6,11,14,8,17,16,12,22,141,90.7,2015
9,Princeton University,USA,7,4,15,3,72,25,24,33,225,89.42,2015
10,Cornell University,USA,8,12,18,14,24,15,25,22,11,86.79,2015
11,Yale University,USA,9,10,26,11,18,8,35,20,49,86.61,2015
12,California Institute of Technology,USA,10,6,328,7,53,9,19,25,13,84.4,2015
13,University of Tokyo,Japan,1,16,3,38,14,19,31,29,7,78.23,2015
14,University of Pennsylvania,USA,11,20,4,28,8,18,14,9,14,77.6,2015
15,"University of California, Los Angeles",USA,12,28,27,13,6,14,8,6,9,76.91,2015
16,Johns Hopkins University,USA,13,18,84,16,4,11,5,3,2,71.6,2015
17,Kyoto University,Japan,2,22,16,24,30,42,88,60,16,68.6,2015
18,New York University,USA,14,32,22,18,47,29,46,32,43,68.39,2015
19,"University of Michigan, Ann Arbor",USA,15,24,17,140,3,20,6,14,12,68.36,2015
20,Swiss Federal Institute of Technology in Zurich,Switzerland,1,17,64,17,44,27,39,79,57,66.93,2015
21,"University of California, San Diego",USA,16,36,567,19,16,5,15,15,17,66.59,2015
22,Northwestern University,USA,17,163,12,104,27,34,27,26,42,66.56,2015
23,Hebrew University of Jerusalem,Israel,1,15,164,15,120,97,368,143,35,65.71,2015
24,Seoul National University,South Korea,1,367,9,218,36,163,146,112,6,64.82,2015
25,University of Wisconsin鈥揗adison,USA,18,29,29,34,21,24,22,27,27,64.51,2015
26,"University of California, San Francisco",USA,19,367,567,20,22,7,15,11,56,63.69,2015
27,University College London,United Kingdom,3,21,447,27,12,22,15,18,67,62.27,2015
28,Duke University,USA,20,74,31,56,19,23,15,16,33,61.55,2015
29,Rockefeller University,USA,21,49,567,12,372,28,115,70,289,61.28,2015
30,University of Texas at Austin,USA,22,75,36,25,48,50,26,71,38,61.14,2015
31,University of Washington - Seattle,USA,23,48,103,41,9,10,10,5,40,60.61,2015
32,University of Toronto,Canada,1,70,51,32,2,17,9,8,145,60.04,2015
33,University of Illinois at Urbana鈥揅hampaign,USA,24,33,75,21,40,48,42,74,65,59.94,2015
34,Keio University,Japan,3,284,5,218,309,246,368,270,80,59.84,2015
35,Imperial College London,United Kingdom,4,90,82,30,19,26,23,19,47,59.61,2015
36,脡cole Polytechnique,France,1,98,7,216,327,314,234,295,172,59.2,2015
37,脡cole normale sup茅rieure - Paris,France,2,8,502,54,379,157,645,295,871,58.8,2015
38,Waseda University,Japan,4,288,8,218,406,389,368,388,248,58.17,2015
39,Weizmann Institute of Science,Israel,2,19,567,22,246,63,234,143,45,57.17,2015
40,University of North Carolina at Chapel Hill,USA,25,124,69,86,32,32,19,21,41,57.09,2015
41,University of Virginia,USA,26,209,20,126,94,74,88,90,97,56.73,2015
42,McGill University,Canada,2,34,37,75,33,53,44,34,132,56.49,2015
43,"Purdue University, West Lafayette",USA,27,55,33,47,75,95,68,117,28,56.39,2015
44,Dartmouth College,USA,28,40,19,218,246,167,136,154,63,56.35,2015
45,Osaka University,Japan,5,46,39,75,50,58,182,67,18,56.03,2015
46,University of Pittsburgh - Pittsburgh Campus,USA,29,79,169,218,25,57,21,24,50,55.63,2015
47,"Pennsylvania State University, University Park",USA,30,230,44,62,49,43,28,38,92,55.54,2015
48,"University of Minnesota, Twin Cities",USA,31,63,130,63,23,40,31,28,59,55.51,2015
49,"Ohio State University, Columbus",USA,32,96,87,82,28,52,31,38,44,55.39,2015
50,Rutgers University-New Brunswick,USA,33,91,40,37,100,66,46,89,61,55.23,2015
51,University of Southern California,USA,34,152,62,39,57,64,101,56,34,55.12,2015
52,Washington University in St. Louis,USA,35,101,96,71,41,21,29,17,169,55.03,2015
53,"University of California, Davis",USA,36,54,227,59,29,33,35,52,62,54.85,2015
54,University of Colorado Boulder,USA,37,80,67,31,96,38,45,74,133,54.62,2015
55,University of Edinburgh,United Kingdom,5,44,127,33,54,37,65,43,228,54.39,2015
56,Peking University,China,1,182,38,218,52,131,182,125,20,54.26,2015
57,National Taiwan University,Taiwan,1,92,25,218,46,223,182,204,695,54.23,2015
58,University of Paris-Sud,France,3,26,393,26,73,86,115,97,324,54.21,2015
59,Lomonosov Moscow State University,Russia,1,14,175,48,268,254,287,344,861,54.19,2015
60,University of Florida,USA,38,214,276,96,37,73,46,59,5,54.18,2015
61,Carnegie Mellon University,USA,39,25,160,23,211,225,78,150,165,54,2015
62,University of British Columbia,Canada,3,81,275,93,26,36,37,34,81,53.92,2015
63,Pierre-and-Marie-Curie University,France,4,30,404,88,31,35,68,63,87,53.79,2015
64,"University of California, Santa Barbara",USA,40,133,280,29,111,59,46,55,77,53.63,2015
65,National University of Singapore,Singapore,1,367,98,218,34,125,78,90,25,53.44,2015
66,Boston University,USA,41,303,54,83,60,45,37,34,135,53.43,2015
67,University of Manchester,United Kingdom,6,99,92,72,43,70,29,53,142,53.38,2015
68,University of Arizona,USA,42,139,55,87,74,39,31,49,235,53.26,2015
69,Vanderbilt University,USA,43,87,94,110,55,62,59,41,51,53.05,2015
70,University of Utah,USA,44,97,105,67,97,65,101,90,19,52.89,2015
71,Karolinska Institute,Sweden,1,149,567,36,51,54,52,34,743,52.79,2015
72,"University of Maryland, College Park",USA,45,68,210,43,58,47,39,67,280,52.72,2015
73,Tohoku University,Japan,6,41,170,218,68,127,115,119,22,52.57,2015
74,University of Copenhagen,Denmark,1,117,149,64,38,31,59,31,432,52.51,2015
75,University of Texas Southwestern Medical Center,USA,46,59,567,35,131,30,78,40,173,52.5,2015
76,Ruprecht Karl University of Heidelberg,Germany,1,38,402,51,69,61,46,46,243,52.32,2015
77,University of Notre Dame,USA,47,221,24,155,242,242,182,235,352,52.27,2015
78,Tsinghua University,China,2,309,73,218,63,158,65,156,30,52.21,2015
79,Ludwig Maximilian University of Munich,Germany,2,42,129,92,66,55,53,51,167,52.16,2015
80,Georgia Institute of Technology,USA,48,135,60,218,107,152,78,106,36,52.08,2015
81,University of Rochester,USA,49,72,53,113,114,118,68,79,64,52.03,2015
82,Katholieke Universiteit Leuven,Belgium,1,367,202,218,35,92,53,46,74,52.03,2015
83,Brown University,USA,50,64,43,73,121,67,76,99,200,52.01,2015
84,Emory University,USA,51,367,146,116,67,60,93,41,55,51.85,2015
85,Erasmus University Rotterdam,Netherlands,1,367,46,189,87,147,53,44,227,51.78,2015
86,Tel Aviv University,Israel,3,77,107,50,98,117,136,154,39,51.75,2015
87,Utrecht University,Netherlands,2,84,199,115,39,44,59,46,429,51.74,2015
88,University of Sydney,Australia,1,105,198,166,45,103,46,84,75,51.61,2015
89,"University of California, Irvine",USA,52,227,567,44,78,51,68,54,162,51.51,2015
90,University of Texas MD Anderson Cancer Center,USA,53,367,567,80,93,72,42,29,71,51.51,2015
91,Swiss Federal Institute of Technology in Lausanne,Switzerland,2,367,74,116,124,114,39,110,58,51.47,2015
92,University of Geneva,Switzerland,3,35,191,42,122,77,115,79,321,51.46,2015
93,University of Melbourne,Australia,2,141,113,218,42,68,53,71,223,51.34,2015
94,King's College London,United Kingdom,7,27,190,114,76,116,101,74,188,51.31,2015
95,Tufts University,USA,54,60,48,182,166,160,93,85,84,51.22,2015
96,University of Zurich,Switzerland,4,115,389,85,56,46,68,56,137,51.14,2015
97,Arizona State University,USA,55,367,455,66,143,85,76,140,21,51.13,2015
98,Yonsei University,South Korea,2,367,45,218,140,326,321,235,23,51.02,2015
99,University of Oslo,Norway,1,53,286,40,106,134,101,102,302,50.81,2015
100,Kyushu University,Japan,7,367,49,218,152,182,264,200,37,50.6,2015
101,Technical University of Munich,Germany,3,37,118,177,104,90,128,95,119,50.58,2015
102,"Texas A&M University, College Station",USA,56,339,108,46,77,98,88,143,201,50.43,2015
103,University of Queensland,Australia,3,269,292,142,65,78,101,99,68,50.4,2015
104,Mines ParisTech,France,5,278,23,169,977,834,812,906,871,50.34,2015
105,Case Western Reserve University,USA,57,50,215,195,137,106,59,74,111,50.28,2015
106,Indiana University - Bloomington,USA,58,134,35,178,180,143,161,190,178,50.26,2015
107,University of Alberta,Canada,4,169,151,153,62,109,82,103,116,50.25,2015
108,Leiden University,Netherlands,3,120,567,102,82,94,53,56,260,50.17,2015
109,Tokyo Institute of Technology,Japan,8,170,50,128,169,169,136,190,52,50.13,2015
110,University of Groningen,Netherlands,4,313,193,196,64,96,68,67,316,50.1,2015
111,University of Helsinki,Finland,1,56,551,111,80,79,88,65,420,50.04,2015
112,Sapienza University of Rome,Italy,1,67,205,45,83,166,212,130,312,49.97,2015
113,Georgetown University,USA,59,159,34,218,298,321,321,204,122,49.92,2015
114,University of Amsterdam,Netherlands,5,109,317,212,70,88,93,60,282,49.83,2015
115,Korea University,South Korea,3,367,58,218,172,411,321,273,26,49.79,2015
116,University of Barcelona,Spain,1,367,226,218,61,108,93,83,215,49.79,2015
117,Lund University,Sweden,2,136,466,169,85,135,53,60,871,49.75,2015
118,Michigan State University,USA,60,112,162,218,88,123,65,111,136,49.74,2015
119,Ghent University,Belgium,2,123,329,147,84,149,68,119,90,49.73,2015
120,Rice University,USA,61,52,161,95,255,150,59,130,76,49.73,2015
121,Baylor College of Medicine,USA,62,367,567,218,113,41,101,44,199,49.7,2015
122,Aarhus University,Denmark,2,310,165,106,91,81,101,95,154,49.65,2015
123,University of Bristol,United Kingdom,8,194,196,74,92,69,82,106,335,49.59,2015
124,Uppsala University,Sweden,3,73,321,70,95,75,93,103,871,49.57,2015
125,Nagoya University,Japan,9,39,322,53,138,140,146,195,78,49.57,2015
126,Royal Institute of Technology,Sweden,4,199,30,105,221,300,321,318,797,49.54,2015
127,University of Colorado Denver,USA,63,367,567,140,135,110,128,66,72,49.48,2015
128,University of Glasgow,United Kingdom,9,234,89,218,123,144,82,87,402,49.45,2015
129,VU University Amsterdam,Netherlands,6,367,385,218,79,120,68,79,871,49.44,2015
130,University of New South Wales,Australia,4,177,70,218,90,177,101,164,157,49.33,2015
131,Paris Diderot University - Paris 7,France,6,127,567,68,105,56,115,97,483,49.33,2015
132,University of S茫o Paulo,Brazil,1,297,71,218,59,186,136,164,710,49.31,2015
133,Western University (The University of Western Ontario),Canada,5,367,41,218,149,208,234,190,261,49.31,2015
134,Radboud University Nijmegen,Netherlands,7,128,274,218,89,119,93,74,410,49.3,2015
135,Nanyang Technological University,Singapore,2,367,567,218,102,361,212,204,32,49.29,2015
136,Technion 鈥?Israel Institute of Technology,Israel,4,45,180,55,186,221,161,209,88,49.12,2015
137,University of Miami,USA,64,367,241,218,159,130,82,112,73,49.09,2015
138,Stony Brook University,USA,65,186,567,58,173,84,93,134,96,49.09,2015
139,University of Texas at Dallas,USA,66,367,159,218,250,151,59,49,313,49.05,2015
140,University of Nottingham,United Kingdom,10,131,109,84,116,176,146,140,138,49.02,2015
141,University of Iowa,USA,67,233,296,167,103,83,115,112,121,49.01,2015
142,Southern Methodist University,USA,68,179,28,218,624,655,368,646,824,48.99,2015
143,Icahn School of Medicine at Mount Sinai,USA,69,367,567,218,160,71,161,63,101,48.96,2015
144,Korea Advanced Institute of Science and Technology (KAIST),South Korea,4,367,194,218,183,283,368,289,8,48.95,2015
145,Monash University,Australia,5,277,145,218,86,136,182,161,99,48.91,2015
146,University of Alabama at Birmingham,USA,70,367,567,218,141,124,128,71,130,48.79,2015
147,Free University of Berlin,Germany,4,76,548,128,109,80,234,90,461,48.78,2015
148,University of Southampton,United Kingdom,11,329,95,218,115,133,101,130,334,48.77,2015
149,University of the Witwatersrand,South Africa,1,61,32,172,442,237,321,447,291,48.75,2015
150,McMaster University,Canada,6,222,268,163,127,156,101,87,222,48.74,2015
151,University of Montreal,Canada,7,320,376,218,101,111,101,90,540,48.72,2015
152,University of Birmingham,United Kingdom,12,65,158,205,117,165,146,138,170,48.7,2015
153,Humboldt University of Berlin,Germany,5,291,567,108,108,82,161,85,471,48.64,2015
154,"University of California, Santa Cruz",USA,71,175,567,100,243,49,115,99,183,48.59,2015
155,Albert Ludwig University of Freiburg,Germany,6,148,134,193,156,104,182,134,98,48.57,2015
156,University of T眉bingen,Germany,7,69,490,103,142,122,146,115,226,48.56,2015
157,University of Cincinnati,USA,72,188,86,218,150,171,128,127,263,48.56,2015
158,University of Bonn,Germany,8,58,249,65,153,107,146,150,341,48.54,2015
159,Wake Forest University,USA,73,265,83,218,249,244,128,125,124,48.52,2015
160,University of Basel,Switzerland,5,83,363,60,167,100,136,130,486,48.48,2015
161,University of Leeds,United Kingdom,13,62,157,218,133,141,136,150,265,48.41,2015
162,University of Hamburg,Germany,9,314,136,135,147,126,101,127,677,48.31,2015
163,Universit茅 libre de Bruxelles,Belgium,3,173,110,69,236,214,101,170,148,48.28,2015
164,Indiana University-Purdue University Indianapolis,USA,74,367,492,218,187,190,125,122,79,48.28,2015
165,Pohang University of Science and Technology,South Korea,5,367,567,218,285,355,212,281,24,48.24,2015
166,Oregon Health & Science University,USA,75,367,567,128,184,115,125,105,144,48.23,2015
167,University of Calgary,Canada,8,367,123,218,145,180,101,127,778,48.23,2015
168,Stockholm University,Sweden,5,129,79,187,202,89,88,179,839,48.23,2015
169,University of Padua,Italy,2,281,567,218,99,105,182,119,351,48.17,2015
170,University of Hong Kong,Hong Kong,1,287,128,218,139,204,128,147,205,48.15,2015
171,Yeshiva University,USA,76,200,567,218,195,91,161,109,128,48.11,2015
172,University of Milan,Italy,3,162,441,182,118,189,212,106,438,48.07,2015
173,University of Sheffield,United Kingdom,14,142,209,196,129,137,136,147,179,48.07,2015
174,Technical University of Denmark,Denmark,3,351,510,202,220,230,161,216,46,48.06,2015
175,"University of Maryland, Baltimore",USA,77,367,567,218,125,112,197,116,180,48.05,2015
176,Goethe University Frankfurt,Germany,10,111,219,89,179,155,212,124,328,48.01,2015
177,University of G枚ttingen,Germany,11,43,171,176,174,146,264,184,299,47.98,2015
178,Hokkaido University,Japan,10,279,277,135,148,173,287,251,53,47.97,2015
179,Australian National University,Australia,6,196,379,52,130,99,197,188,415,47.97,2015
180,Shanghai Jiao Tong University,China,3,335,143,218,81,267,212,209,198,47.96,2015
181,University of New Mexico,USA,78,367,567,218,223,170,82,147,100,47.95,2015
182,University of Strasbourg,France,7,71,567,49,191,145,264,219,269,47.89,2015
183,University of Massachusetts Medical School,USA,79,367,567,80,296,76,234,122,143,47.85,2015
184,University of Houston,USA,80,367,42,218,310,257,511,349,156,47.83,2015
185,"Trinity College, Dublin",Ireland,1,338,78,200,289,233,115,204,153,47.73,2015
186,University of Lausanne,Switzerland,6,102,423,218,235,101,115,117,683,47.73,2015
187,Iowa State University,USA,81,286,186,109,151,178,82,184,339,47.71,2015
188,Joseph Fourier University,France,8,195,567,218,110,93,234,170,160,47.71,2015
189,Wayne State University,USA,82,367,183,218,189,258,125,176,117,47.67,2015
190,University of South Florida - Tampa,USA,83,367,418,218,233,251,197,164,70,47.66,2015
191,Zhejiang University,China,4,367,309,218,71,290,368,265,106,47.66,2015
192,Hanyang University,South Korea,6,367,168,218,286,471,368,396,31,47.6,2015
193,University of Ottawa,Canada,9,223,163,218,171,194,212,134,496,47.6,2015
194,University of Missouri鈥揅olumbia,USA,84,250,88,98,222,226,161,242,150,47.59,2015
195,Fudan University,China,5,367,203,218,112,252,368,204,123,47.56,2015
196,University of Kansas,USA,85,228,91,218,212,161,161,235,127,47.52,2015
197,University of Cologne,Germany,12,367,132,201,204,138,146,161,421,47.52,2015
198,University of Georgia,USA,86,93,188,172,181,132,234,256,82,47.5,2015
199,University of Liverpool,United Kingdom,15,176,179,207,154,172,128,174,377,47.49,2015
200,University of Bern,Switzerland,7,184,526,213,163,128,93,159,433,47.49,2015
201,Cardiff University,United Kingdom,16,321,218,143,178,153,146,170,193,47.46,2015
202,George Washington University,USA,87,192,56,218,301,227,264,235,326,47.46,2015
203,University of Illinois at Chicago,USA,88,367,541,218,126,196,287,179,129,47.39,2015
204,University of Erlangen-Nuremberg,Germany,13,231,554,218,176,202,146,134,361,47.36,2015
205,University of M眉nster,Germany,14,113,421,174,170,192,136,174,192,47.34,2015
206,Aix-Marseille University,France,9,218,451,218,119,87,182,197,230,47.31,2015
207,Claude Bernard University Lyon 1,France,10,367,567,218,132,121,234,184,151,47.31,2015
208,University of Bologna,Italy,4,350,348,218,136,281,212,161,354,47.28,2015
209,Queen Mary University of London,United Kingdom,17,147,319,218,226,175,212,138,255,47.25,2015
210,Dresden University of Technology,Germany,15,367,567,218,188,212,146,195,102,47.25,2015
211,Sungkyunkwan University,South Korea,7,367,225,218,194,317,161,270,69,47.19,2015
212,Newcastle University,United Kingdom,18,367,222,218,192,159,234,159,365,47.17,2015
213,Karlsruhe Institute of Technology,Germany,16,356,208,131,193,280,146,247,103,47.15,2015
214,"University of California, Riverside",USA,89,247,567,218,209,113,161,169,194,47.13,2015
215,University of Kiel,Germany,17,193,487,198,232,183,161,143,310,47.11,2015
216,University of Western Australia,Australia,7,156,306,145,146,181,368,179,399,47.1,2015
217,Paris Descartes University,France,11,203,567,218,177,142,287,156,455,47.06,2015
218,University of Connecticut,USA,90,296,259,218,168,193,197,190,186,47.06,2015
219,University of Massachusetts Amherst,USA,91,212,141,159,198,191,212,200,356,47.05,2015
220,Chinese University of Hong Kong,Hong Kong,2,100,479,116,162,356,212,209,168,47.05,2015
221,University of Turin,Italy,5,315,450,163,206,278,197,150,613,47.04,2015
222,University of Manitoba,Canada,10,157,93,155,261,308,212,256,175,47.04,2015
223,University of Vienna,Austria,1,191,185,101,231,154,161,200,671,47.03,2015
224,University of Montpellier,France,12,289,462,169,165,129,146,184,511,47,2015
225,Maastricht University,Netherlands,8,367,567,218,185,354,234,156,281,47,2015
226,National Cheng Kung University,Taiwan,2,367,52,218,164,485,812,388,436,46.97,2015
227,"University of Tennessee, Knoxville",USA,92,319,117,218,196,187,197,219,449,46.96,2015
228,Complutense University of Madrid,Spain,2,86,68,214,215,309,368,335,256,46.96,2015
229,Laval University,Canada,11,292,273,218,207,270,182,200,140,46.95,2015
230,RWTH Aachen University,Germany,18,357,238,131,197,359,182,219,158,46.9,2015
231,Universit茅 catholique de Louvain,Belgium,4,367,264,97,283,325,115,213,236,46.89,2015
232,North Carolina State University,USA,93,251,228,218,157,206,182,242,161,46.89,2015
233,Johannes Gutenberg University of Mainz,Germany,19,367,567,194,210,185,161,164,523,46.88,2015
234,University of Texas Health Science Center at San Antonio,USA,94,367,567,218,314,229,197,140,315,46.88,2015
235,Julius-Maximilian's University of W眉rzburg,Germany,20,106,391,168,216,179,287,179,369,46.85,2015
236,Paul Sabatier University - Toulouse III,France,13,367,567,218,158,102,321,188,514,46.81,2015
237,University of Gothenburg,Sweden,6,257,294,116,217,197,136,197,871,46.79,2015
238,University College Dublin,Ireland,2,241,112,218,288,285,128,247,278,46.79,2015
239,University of Science and Technology of China,China,6,367,192,218,128,269,368,247,452,46.73,2015
240,University of Leicester,United Kingdom,19,367,567,218,258,139,197,170,385,46.72,2015
241,Autonomous University of Barcelona,Spain,3,367,567,218,144,220,264,213,277,46.72,2015
242,University of Dundee,United Kingdom,20,178,567,218,354,200,161,176,216,46.68,2015
243,Norwegian University of Science and Technology,Norway,2,252,119,75,279,366,212,273,327,46.67,2015
244,Nanjing University,China,7,342,362,218,134,358,234,265,164,46.61,2015
245,Okayama University,Japan,11,367,288,218,353,335,287,318,60,46.59,2015
246,London School of Hygiene & Tropical Medicine,United Kingdom,21,367,567,159,300,294,264,164,736,46.59,2015
247,University of Florence,Italy,6,327,326,94,218,275,197,227,564,46.58,2015
248,University of Cape Town,South Africa,2,104,126,146,319,236,234,265,268,46.58,2015
249,University of Texas Health Science Center at Houston,USA,95,367,567,155,257,162,212,190,337,46.56,2015
250,Moscow Institute of Physics and Technology,Russia,2,23,339,218,949,605,812,1000,839,46.55,2015
251,University of D眉sseldorf,Germany,21,185,567,218,297,209,182,178,454,46.54,2015
252,Florida State University,USA,96,367,334,218,200,184,136,225,411,46.53,2015
253,University of Sussex,United Kingdom,22,151,257,57,359,250,161,308,553,46.49,2015
254,Thomas Jefferson University,USA,97,158,567,218,333,334,161,179,502,46.47,2015
255,Delft University of Technology,Netherlands,9,307,300,218,224,224,264,247,146,46.46,2015
256,Virginia Polytechnic Institute and State University,USA,98,283,152,218,201,264,234,285,181,46.46,2015
257,University of Lisbon,Portugal,1,337,465,152,155,296,197,251,495,46.43,2015
258,Drexel University,USA,99,367,233,218,362,338,287,273,91,46.43,2015
259,Virginia Commonwealth University,USA,100,367,403,150,264,253,321,213,206,46.43,2015
260,Oregon State University,USA,101,189,239,218,263,148,161,235,389,46.42,2015
261,Durham University,United Kingdom,23,132,267,116,248,199,197,242,460,46.42,2015
262,University of Tsukuba,Japan,12,202,567,107,230,255,212,242,213,46.41,2015
263,University of Reading,United Kingdom,24,258,63,218,400,347,182,361,666,46.4,2015
264,Lehigh University,USA,102,367,47,218,615,542,511,511,534,46.4,2015
265,Medical University of Vienna,Austria,2,367,567,218,251,228,212,197,366,46.39,2015
266,University of Auckland,New Zealand,1,235,419,218,253,260,234,256,125,46.38,2015
267,University of Kentucky,USA,103,332,290,218,182,216,321,231,447,46.37,2015
268,University of Naples Federico II,Italy,7,331,459,218,175,324,234,227,792,46.36,2015
269,University of Waterloo,Canada,12,367,124,218,190,333,234,292,626,46.34,2015
270,Charles University in Prague,Czech Republic,1,238,560,116,228,238,182,227,636,46.32,2015
271,Colorado State University - Fort Collins,USA,104,211,493,148,244,203,234,231,257,46.32,2015
272,Tulane University,USA,105,324,144,218,365,299,264,251,258,46.31,2015
273,"University at Buffalo, The State University of New York",USA,106,367,398,218,203,298,287,235,237,46.3,2015
274,Brandeis University,USA,107,51,342,78,549,195,428,330,249,46.29,2015
275,Northeastern University,USA,108,316,125,218,370,312,264,362,86,46.29,2015
276,Wageningen University and Research Centre,Netherlands,10,293,512,175,214,168,234,235,477,46.26,2015
277,Sun Yat-sen University,China,8,367,254,218,161,393,287,285,221,46.25,2015
278,University of Ulm,Germany,22,367,471,131,290,231,321,209,594,46.24,2015
279,London School of Economics,United Kingdom,25,78,65,91,503,739,264,590,871,46.22,2015
280,Vrije Universiteit Brussel,Belgium,5,110,567,218,294,301,161,231,506,46.21,2015
281,University of Delaware,USA,109,318,337,135,272,304,234,292,120,46.21,2015
282,Rensselaer Polytechnic Institute,USA,110,137,142,218,402,346,182,292,210,46.19,2015
283,University of Bergen,Norway,3,367,567,218,229,201,212,227,871,46.18,2015
284,Queen's University,Canada,13,322,155,218,254,274,264,281,275,46.18,2015
285,University of Aberdeen,United Kingdom,26,360,314,199,273,207,287,225,422,46.17,2015
286,Dalhousie University,Canada,14,367,137,218,280,247,264,273,384,46.17,2015
287,Ume氓 University,Sweden,7,367,567,218,275,198,212,219,871,46.14,2015
288,University of Duisburg-Essen,Germany,23,367,498,218,287,282,321,216,348,46.13,2015
289,City College of New York,USA,111,31,187,218,680,422,511,590,358,46.12,2015
290,Hiroshima University,Japan,13,367,567,218,304,287,428,273,112,46.12,2015
291,University of Texas at San Antonio,USA,112,367,567,218,445,376,197,216,254,46.1,2015
292,Hannover Medical School,Germany,24,367,567,218,322,245,287,219,308,46.07,2015
293,University of Warwick,United Kingdom,27,210,444,116,205,239,161,308,234,46.05,2015
294,University of Valencia,Spain,4,367,470,218,208,348,264,256,548,46.03,2015
295,University of Pisa,Italy,8,273,473,218,227,360,212,255,528,46.03,2015
296,Ruhr University Bochum,Germany,25,367,235,218,236,235,368,265,797,46,2015
297,Medical College of Wisconsin,USA,113,367,567,218,337,284,321,219,659,45.97,2015
298,University of Louisville,USA,114,367,484,218,338,405,368,300,105,45.97,2015
299,University of Bordeaux,France,14,354,567,218,291,265,234,251,297,45.96,2015
300,University of South Carolina - Columbia,USA,115,367,299,185,262,367,146,273,649,45.95,2015
301,National and Kapodistrian University of Athens,Greece,1,367,200,218,245,416,428,273,871,45.94,2015
302,Leipzig University,Germany,26,326,567,208,281,266,511,242,364,45.94,2015
303,Medical University of South Carolina,USA,116,367,567,218,316,364,287,231,508,45.94,2015
304,Autonomous University of Madrid,Spain,5,367,460,218,225,256,321,262,443,45.92,2015
305,Dalian University of Technology,China,9,367,104,218,313,667,511,409,131,45.92,2015
306,Stellenbosch University,South Africa,3,367,66,218,520,503,321,486,219,45.92,2015
307,Kyungpook National University,South Korea,8,367,412,218,355,625,321,413,66,45.92,2015
308,University of Porto,Portugal,2,94,316,90,266,380,264,341,405,45.91,2015
309,University of St Andrews,United Kingdom,28,145,506,218,308,188,321,281,189,45.89,2015
310,Gwangju Institute of Science and Technology,South Korea,9,367,567,218,540,538,368,529,54,45.88,2015
311,Chulalongkorn University,Thailand,1,367,57,218,584,734,511,558,871,45.86,2015
312,University of Antwerp,Belgium,6,367,567,218,265,307,234,265,372,45.84,2015
313,Xiamen University,China,10,367,80,218,331,493,645,409,467,45.83,2015
314,University of Nebraska鈥揕incoln,USA,117,165,207,218,278,262,234,311,456,45.8,2015
315,Nankai University,China,11,334,135,218,282,454,321,334,419,45.8,2015
316,University of Stuttgart,Germany,27,82,172,218,399,369,511,335,376,45.79,2015
317,University of Rome Tor Vergata,Italy,9,367,557,218,267,272,287,262,816,45.79,2015
318,University of Regensburg,Germany,28,367,303,218,302,241,287,270,522,45.79,2015
319,Hong Kong University of Science and Technology,Hong Kong,3,367,359,218,256,466,368,300,185,45.77,2015
320,Kobe University,Japan,14,95,240,116,368,271,321,335,301,45.74,2015
321,University of Li猫ge,Belgium,7,143,567,144,317,218,234,300,285,45.73,2015
322,Federal University of Rio de Janeiro,Brazil,2,125,116,218,305,330,645,381,295,45.72,2015
323,Rush University,USA,118,367,567,218,427,404,197,260,871,45.71,2015
324,University of Vermont,USA,119,198,256,218,357,288,368,285,397,45.7,2015
325,University of York,United Kingdom,29,367,567,218,270,205,161,300,406,45.69,2015
326,Boston College,USA,120,367,97,218,557,363,197,402,386,45.65,2015
327,University of Pavia,Italy,10,295,380,214,330,381,264,273,680,45.64,2015
328,University of Jena,Germany,29,367,567,218,260,263,321,289,457,45.64,2015
329,Vita-Salute San Raffaele University,Italy,11,367,567,218,478,279,321,260,871,45.61,2015
330,University of Genoa,Italy,12,367,567,218,299,402,234,285,537,45.61,2015
331,Tianjin University,China,12,367,77,218,348,934,428,606,245,45.61,2015
332,Louisiana State University - Baton Rouge,USA,121,270,177,218,292,215,197,353,458,45.61,2015
333,University of Exeter,United Kingdom,30,264,481,218,293,174,428,295,353,45.59,2015
334,National Autonomous University of Mexico,Mexico,1,282,546,218,199,219,368,330,486,45.58,2015
335,University of Adelaide,Australia,8,219,445,218,234,243,287,318,465,45.58,2015
336,University of East Anglia,United Kingdom,31,206,567,179,349,211,146,313,500,45.58,2015
337,York University,Canada,15,367,106,218,382,408,264,388,871,45.56,2015
338,University of Navarra,Spain,6,367,76,218,578,722,511,503,645,45.56,2015
339,University of Oregon,USA,122,346,567,218,378,217,161,295,729,45.55,2015
340,"St George's, University of London",United Kingdom,32,367,567,218,554,476,368,262,648,45.55,2015
341,Indian Institute of Technology Delhi,India,1,367,59,218,635,943,812,781,625,45.54,2015
342,University of Trieste,Italy,13,367,443,218,395,286,287,281,616,45.54,2015
343,Queen's University Belfast,United Kingdom,33,183,387,218,306,276,264,313,377,45.53,2015
344,University of Perugia,Italy,14,367,567,116,375,332,428,289,642,45.53,2015
345,Technical University of Berlin,Germany,30,85,271,218,360,412,368,388,177,45.52,2015
346,University of Marburg,Germany,31,304,567,217,329,249,428,300,271,45.51,2015
347,University of Innsbruck,Austria,3,197,397,112,430,222,287,311,442,45.51,2015
348,Eindhoven University of Technology,Netherlands,11,367,347,186,306,549,321,318,279,45.51,2015
349,Ben-Gurion University of the Negev,Israel,5,367,567,218,277,379,428,381,118,45.49,2015
350,University of Oklahoma - Norman Campus,USA,123,367,150,218,383,240,234,362,474,45.49,2015
351,Wesleyan University,USA,124,154,61,218,983,506,812,850,871,45.48,2015
352,University of Victoria,Canada,16,367,567,218,321,328,234,300,853,45.48,2015
353,Kansas State University,USA,125,130,229,218,373,320,212,358,294,45.47,2015
354,Hong Kong Polytechnic University,Hong Kong,4,367,166,218,259,764,511,375,329,45.47,2015
355,Link枚ping University,Sweden,8,367,237,218,323,401,368,324,871,45.47,2015
356,University of Southern Denmark,Denmark,4,367,567,218,386,327,321,295,320,45.46,2015
357,University of Otago,New Zealand,2,367,377,218,312,353,287,313,542,45.44,2015
358,Justus Liebig University Giessen,Germany,32,367,567,218,332,357,264,313,309,45.43,2015
359,University of New Hampshire,USA,126,367,318,79,531,273,234,362,596,45.42,2015
360,College of William and Mary,USA,127,367,85,218,611,459,321,511,809,45.42,2015
361,San Diego State University,USA,128,248,204,218,467,302,264,339,509,45.41,2015
362,Simon Fraser University,Canada,17,367,567,218,284,303,368,324,381,45.4,2015
363,University of Santiago de Compostela,Spain,7,367,489,218,385,600,287,373,126,45.4,2015
364,Saint Louis University,USA,129,367,261,202,458,293,428,330,286,45.39,2015
365,Colorado School of Mines,USA,130,367,81,218,668,601,321,565,690,45.39,2015
366,University of Eastern Finland,Finland,2,367,567,218,374,388,321,300,861,45.37,2015
367,University of Buenos Aires,Argentina,1,126,500,180,276,350,321,344,871,45.37,2015
368,University of Guelph,Canada,18,367,483,218,325,277,146,344,445,45.36,2015
369,University of Ferrara,Italy,15,367,567,218,416,392,287,300,656,45.36,2015
370,Polytechnic University of Catalonia,Spain,8,367,330,218,371,576,368,540,85,45.36,2015
371,Versailles Saint-Quentin-en-Yvelines University,France,15,367,567,218,443,232,264,308,839,45.36,2015
372,Saarland University,Germany,33,367,375,218,392,434,428,318,367,45.33,2015
373,City University of Hong Kong,Hong Kong,5,367,567,218,252,874,511,339,387,45.33,2015
374,Darmstadt University of Technology,Germany,34,66,344,218,376,457,368,413,330,45.32,2015
375,Pompeu Fabra University,Spain,9,367,567,218,397,164,428,318,604,45.31,2015
376,Pontifical Catholic University of Chile,Chile,1,343,139,218,446,310,645,388,396,45.31,2015
377,University of Bari Aldo Moro,Italy,16,367,567,218,352,322,511,313,527,45.31,2015
378,University of Texas Medical Branch at Galveston,USA,131,367,567,218,401,311,321,324,333,45.3,2015
379,University of Delhi,India,2,240,72,218,703,763,812,796,797,45.3,2015
380,"Washington State University, Pullman",USA,132,367,301,131,334,234,428,362,298,45.29,2015
381,Temple University,USA,133,272,553,218,326,349,511,349,211,45.29,2015
382,University of Milan - Bicocca,Italy,17,367,567,218,390,305,287,324,468,45.28,2015
383,University of Turku,Finland,3,367,531,218,320,319,812,330,568,45.27,2015
384,Chonnam National University,South Korea,10,367,547,218,405,589,511,437,109,45.27,2015
385,University of Lorraine,France,16,216,213,190,311,342,321,437,208,45.25,2015
386,National Chiao Tung University,Taiwan,3,367,206,218,240,651,428,413,871,45.24,2015
387,Catholic University of the Sacred Heart,Italy,18,367,555,218,424,482,321,324,770,45.22,2015
388,"University at Albany, SUNY",USA,134,180,567,165,411,374,212,353,531,45.22,2015
389,Xi'an Jiaotong University,China,13,367,154,218,271,583,812,606,174,45.21,2015
390,Ewha Womans University,South Korea,11,367,567,218,462,509,645,457,107,45.2,2015
391,Jilin University,China,14,220,338,218,239,452,645,375,551,45.2,2015
392,Tokyo Medical and Dental University,Japan,15,367,567,218,473,352,645,335,272,45.2,2015
393,Scuola Normale Superiore di Pisa,Italy,19,263,567,61,548,526,321,503,871,45.2,2015
394,University of Central Florida,USA,135,367,501,218,381,386,511,381,159,45.18,2015
395,Innsbruck Medical University,Austria,4,367,567,218,469,413,812,324,678,45.18,2015
396,Beijing Normal University,China,15,57,567,218,363,492,428,480,755,45.17,2015
397,Polytechnic University of Milan,Italy,20,103,181,191,358,510,428,503,292,45.17,2015
398,University of Seville,Spain,10,367,564,218,339,516,428,529,104,45.17,2015
399,University of Nebraska Medical Center,USA,136,367,567,218,463,399,368,344,253,45.16,2015
400,Huazhong University of Science and Technology,China,16,367,282,218,219,626,645,480,242,45.16,2015
401,Kyung Hee University,South Korea,12,245,495,218,380,584,645,558,95,45.16,2015
402,Chalmers University of Technology,Sweden,9,361,311,218,367,426,428,349,871,45.16,2015
403,Brigham Young University,USA,137,298,361,218,498,424,287,424,134,45.15,2015
404,University of Campinas,Brazil,3,367,567,218,295,575,511,388,197,45.14,2015
405,University of Bath,United Kingdom,34,367,368,218,388,378,287,353,478,45.14,2015
406,Saint Petersburg State University,Russia,3,47,250,218,621,574,645,754,816,45.14,2015
407,National Tsing Hua University,Taiwan,4,262,520,218,238,425,428,375,731,45.14,2015
408,University of Twente,Netherlands,12,367,511,218,343,511,368,358,288,45.14,2015
409,University of Alabama - Tuscaloosa,USA,138,325,140,218,511,490,368,471,314,45.14,2015
410,Harbin Institute of Technology,China,17,367,244,218,241,847,645,437,375,45.14,2015
411,University of Verona,Italy,21,367,567,218,508,464,212,341,736,45.13,2015
412,Oklahoma State University鈥揝tillwater,USA,139,239,153,218,447,648,428,471,303,45.13,2015
413,Shandong University,China,18,367,437,218,213,604,511,409,538,45.13,2015
414,George Mason University,USA,140,367,567,98,450,371,264,388,526,45.13,2015
415,Wuhan University,China,19,367,258,218,274,612,645,396,576,45.13,2015
416,Swedish University of Agricultural Sciences,Sweden,10,146,567,218,393,268,428,353,871,45.12,2015
417,Concordia University,Canada,19,367,99,218,545,745,645,590,718,45.12,2015
418,Chiba University,Japan,16,367,567,218,361,343,368,362,267,45.11,2015
419,Kumamoto University,Japan,17,308,353,218,495,441,428,409,152,45.11,2015
420,Tongji University,China,20,153,115,218,346,480,645,671,373,45.1,2015
421,Aalto University,Finland,4,367,224,218,336,403,645,424,246,45.1,2015
422,Chonbuk National University,South Korea,13,367,567,218,507,774,812,646,83,45.09,2015
423,Peking Union Medical College,China,21,367,567,218,324,297,368,358,797,45.09,2015
424,Georgia Regents University,USA,141,367,567,218,482,418,368,341,481,45.09,2015
425,University of Chile,Chile,2,242,173,218,418,351,645,424,489,45.08,2015
426,Lancaster University,United Kingdom,35,367,360,218,364,398,234,369,673,45.08,2015
427,Vienna University of Technology,Austria,5,363,350,218,377,377,321,424,171,45.08,2015
428,University of Denver,USA,142,312,101,218,901,522,511,590,760,45.08,2015
429,University of Arkansas for Medical Sciences,USA,143,367,567,218,501,565,812,344,340,45.08,2015
430,Grenoble Institute of Technology,France,17,144,567,188,328,520,428,388,345,45.06,2015
431,University of Granada,Spain,11,367,567,218,303,449,321,424,190,45.06,2015
432,University of Modena and Reggio Emilia,Italy,22,367,567,218,435,474,368,349,709,45.04,2015
433,Ajou University,South Korea,14,367,426,218,646,729,645,671,89,45.04,2015
434,Gyeongsang National University,South Korea,15,367,567,218,633,673,645,606,93,45.04,2015
435,Technical University of Madrid,Spain,12,215,212,218,470,697,645,770,110,45.03,2015
436,University College Cork,Ireland,3,367,430,218,426,431,368,402,195,45.03,2015
437,Loyola University Chicago,USA,144,367,366,218,522,438,511,353,713,45.03,2015
438,Central South University,China,22,367,131,218,366,783,511,558,444,45.02,2015
439,South China University of Technology,China,23,367,266,218,347,620,511,471,196,45.02,2015
440,Polytechnic University of Valencia,Spain,13,367,567,218,386,505,645,437,155,45.02,2015
441,West Virginia University,USA,145,328,178,218,441,409,428,437,617,45.02,2015
442,University of Tampere,Finland,5,367,297,218,526,439,511,362,679,45.02,2015
443,Southeast University,China,24,168,488,218,369,702,645,480,149,45.01,2015
444,Miami University,USA,146,367,102,218,715,543,511,659,871,45,2015
445,University of Dayton,USA,147,348,90,218,988,818,511,781,675,44.99,2015
446,University of Siena,Italy,23,367,482,218,420,365,287,369,712,44.98,2015
447,University of Oulu,Finland,6,275,369,218,432,344,368,375,521,44.96,2015
448,Indian Institute of Science,India,3,367,332,218,315,537,511,447,239,44.96,2015
449,Macquarie University,Australia,9,367,304,218,391,292,321,402,530,44.96,2015
450,University of Rostock,Germany,35,364,567,218,443,591,511,373,325,44.96,2015
451,Jagiellonian University,Poland,1,367,567,218,403,465,645,375,355,44.94,2015
452,Pusan National University,South Korea,16,367,401,218,398,488,428,503,147,44.94,2015
453,University of Strathclyde,United Kingdom,36,367,216,218,389,467,368,486,305,44.94,2015
454,"University of Nevada, Reno",USA,148,367,364,218,542,382,264,381,708,44.93,2015
455,University of Saskatchewan,Canada,20,336,278,218,335,442,287,457,427,44.92,2015
456,University of Parma,Italy,24,367,356,218,438,463,368,381,741,44.92,2015
457,Kanazawa University,Japan,18,367,416,218,474,419,511,381,350,44.92,2015
458,E枚tv枚s Lor谩nd University,Hungary,1,89,567,116,559,444,287,495,724,44.92,2015
459,Aristotle University of Thessaloniki,Greece,2,367,567,218,340,683,511,381,756,44.92,2015
460,Ohio University,USA,149,205,174,218,590,472,812,565,224,44.91,2015
461,University of Iceland,Iceland,1,367,567,218,612,295,321,369,839,44.91,2015
462,University of Warsaw,Poland,2,118,562,150,409,462,428,437,716,44.91,2015
463,Syracuse University,USA,150,138,221,218,453,494,428,495,392,44.91,2015
464,Bielefeld University,Germany,36,367,567,218,480,375,511,369,774,44.91,2015
465,Juntendo University,Japan,19,367,567,218,653,498,428,362,853,44.9,2015
466,University of Wyoming,USA,151,367,230,218,534,316,321,457,380,44.89,2015
467,University of Wollongong,Australia,10,367,269,218,431,433,428,424,493,44.88,2015
468,Niigata University,Japan,20,367,285,218,527,514,511,447,238,44.88,2015
469,Texas Tech University (TTU),USA,152,367,184,218,455,618,287,511,809,44.87,2015
470,Middle East Technical University,Turkey,1,367,120,218,550,879,511,659,871,44.87,2015
471,脡cole normale sup茅rieure de Lyon,France,18,367,567,135,481,210,511,413,589,44.87,2015
472,Brunel University,United Kingdom,37,367,236,218,497,676,511,437,667,44.86,2015
473,Nihon University,Japan,21,301,565,218,599,588,812,637,113,44.86,2015
474,Osaka City University,Japan,22,108,414,218,484,536,321,471,374,44.86,2015
475,University of Rennes 1,France,19,367,567,218,351,341,428,420,344,44.86,2015
476,University of Oklahoma Health Sciences Center,USA,153,367,567,218,580,461,511,375,482,44.86,2015
477,East China University of Science and Technology,China,25,367,567,218,423,828,645,471,184,44.86,2015
478,University of KwaZulu-Natal,South Africa,4,367,148,218,562,397,368,579,539,44.85,2015
479,Sichuan University,China,26,367,563,218,269,478,645,447,597,44.85,2015
480,Illinois Institute of Technology,USA,154,274,114,218,784,713,511,715,861,44.85,2015
481,Tokyo University of Science,Japan,23,367,567,218,530,530,428,457,191,44.84,2015
482,"University of Science, Malaysia",Malaysia,1,367,567,218,669,888,428,809,94,44.84,2015
483,Clemson University,USA,155,367,535,218,433,497,645,396,510,44.83,2015
484,University of Zaragoza,Spain,14,366,408,218,342,675,428,471,276,44.83,2015
485,University of the Basque Country,Spain,15,367,567,218,318,387,511,480,266,44.83,2015
486,Nagasaki University,Japan,24,299,214,218,614,607,645,529,233,44.82,2015
487,Technical University of Dortmund,Germany,37,367,567,218,459,528,368,420,284,44.82,2015
488,University of Hawaii at Manoa,USA,156,367,435,153,448,213,368,457,490,44.82,2015
489,University of Nebraska Omaha,USA,157,367,365,218,704,606,428,396,871,44.81,2015
490,University of Konstanz,Germany,38,367,567,218,475,337,368,402,614,44.81,2015
491,Panjab University,India,4,333,167,218,720,786,368,540,824,44.8,2015
492,University of Hanover,Germany,39,367,485,218,434,507,368,457,250,44.8,2015
493,"University of Maryland, Baltimore County",USA,158,367,567,218,587,391,428,402,423,44.8,2015
494,University of Newcastle,Australia,11,367,567,218,408,496,812,424,322,44.79,2015
495,University of Ulsan,South Korea,17,367,436,218,421,599,645,424,370,44.79,2015
496,Renmin University of China,China,27,367,100,218,965,936,812,896,715,44.79,2015
497,Martin Luther University of Halle-Wittenberg,Germany,40,358,567,210,394,345,812,413,706,44.79,2015
498,University of Malaya,Malaysia,2,367,138,218,572,877,428,741,274,44.79,2015
499,University of Savoy,France,20,367,567,218,490,435,428,402,731,44.79,2015
500,University of Udine,Italy,25,367,567,218,600,390,511,396,634,44.78,2015
501,Tokyo Metropolitan University,Japan,25,367,415,218,593,460,321,413,574,44.78,2015
502,University of Sherbrooke,Canada,21,367,567,218,454,421,321,413,853,44.77,2015
503,University of Brescia,Italy,26,367,567,218,585,614,645,396,816,44.77,2015
504,University of Ljubljana,Slovenia,1,367,567,218,341,415,321,457,507,44.77,2015
505,University of Nice Sophia Antipolis,France,21,266,567,218,451,259,511,424,513,44.75,2015
506,University of Hull,United Kingdom,38,305,253,162,602,557,511,511,524,44.75,2015
507,University of Coimbra,Portugal,3,359,567,218,415,423,645,424,459,44.75,2015
508,Creighton University,USA,159,367,567,218,824,724,368,402,615,44.75,2015
509,Georgia State University,USA,160,367,405,218,449,484,511,457,360,44.74,2015
510,University of Wisconsin鈥揗ilwaukee,USA,161,229,248,218,516,491,511,503,871,44.74,2015
511,Catholic University of Korea,South Korea,18,367,567,218,576,792,645,590,139,44.74,2015
512,University of Tokushima,Japan,26,107,567,218,643,453,645,529,247,44.73,2015
513,Yokohama City University,Japan,27,367,231,218,685,370,645,520,359,44.73,2015
514,Lanzhou University,China,28,367,567,218,350,689,645,457,624,44.72,2015
515,University of Crete,Greece,3,367,567,218,491,518,511,420,871,44.72,2015
516,SUNY Downstate Medical Center,USA,162,367,567,155,756,446,511,437,660,44.72,2015
517,University of Potsdam,Germany,41,367,567,218,485,313,511,424,584,44.72,2015
518,Yokohama National University,Japan,28,88,217,135,909,865,645,809,440,44.72,2015
519,New Mexico State University,USA,163,367,432,218,711,585,321,424,871,44.71,2015
520,University of Bayreuth,Germany,42,367,567,218,457,331,321,447,603,44.71,2015
521,Bar-Ilan University,Israel,6,280,392,218,404,410,645,495,338,44.71,2015
522,University of Mississippi - Oxford Campus,USA,164,367,567,218,508,851,428,424,611,44.7,2015
523,University of Tasmania,Australia,12,367,567,218,429,261,645,447,727,44.7,2015
524,Graduate University for Advanced Studies,Japan,29,367,567,218,613,291,645,420,871,44.7,2015
525,University of Surrey,United Kingdom,39,217,295,218,419,553,428,549,300,44.7,2015
526,Federal University of Minas Gerais,Brazil,4,367,425,218,417,521,428,549,207,44.7,2015
527,University of Troms酶 - The Arctic University of Norway,Norway,4,367,567,218,493,407,287,447,824,44.7,2015
528,University of Palermo,Italy,27,367,567,218,452,545,812,437,559,44.7,2015
529,Shinshu University,Japan,30,367,517,218,594,602,368,486,244,44.7,2015
530,University of Science and Technology Beijing,China,29,367,121,218,542,937,511,886,408,44.7,2015
531,University of Catania,Italy,28,213,567,218,438,693,428,457,853,44.69,2015
532,Mahidol University,Thailand,2,367,567,218,476,372,368,447,861,44.69,2015
533,University of Canterbury,New Zealand,3,190,195,218,569,437,428,606,871,44.68,2015
534,Indian Institute of Technology Madras,India,5,367,147,218,523,943,812,796,317,44.68,2015
535,University of Bremen,Germany,43,367,567,218,466,289,321,471,515,44.68,2015
536,Otto-von-Guericke University Magdeburg,Germany,44,367,567,218,486,629,511,457,388,44.68,2015
537,University of Tartu,Estonia,1,365,567,218,586,318,368,457,426,44.68,2015
538,University of Windsor,Canada,22,367,133,218,764,912,812,754,658,44.68,2015
539,University of Nantes,France,22,367,567,218,483,420,511,447,579,44.67,2015
540,"Royal Holloway, University of London",United Kingdom,40,367,567,218,564,306,428,447,556,44.67,2015
541,James Cook University,Australia,13,367,567,218,505,248,428,457,665,44.67,2015
542,National Yang-Ming University,Taiwan,5,367,567,218,345,517,511,495,824,44.65,2015
543,University of Akron,USA,165,367,400,218,656,653,645,606,166,44.65,2015
544,National Chung Hsing University,Taiwan,6,367,211,218,412,682,511,606,871,44.65,2015
545,City University London,United Kingdom,41,367,122,218,785,861,812,880,601,44.64,2015
546,New York Medical College,USA,166,367,567,218,752,622,812,437,719,44.64,2015
547,Nara Institute of Science and Technology,Japan,31,367,567,218,773,329,645,495,270,44.63,2015
548,脡cole Centrale Paris,France,23,367,111,218,995,827,812,958,839,44.63,2015
549,Auburn University,USA,167,367,232,218,472,569,368,606,425,44.63,2015
550,University of Arkansas - Fayetteville,USA,168,204,345,218,517,571,645,520,409,44.62,2015
551,University of Zagreb,Croatia,1,367,567,218,553,541,428,471,650,44.62,2015
552,University of L眉beck,Germany,45,367,567,218,649,394,812,457,629,44.62,2015
553,Hunan University,China,30,367,291,218,464,906,645,529,816,44.62,2015
554,University of Missouri鈥揔ansas City,USA,169,311,480,218,634,447,645,471,687,44.61,2015
555,Tokyo Women's Medical University,Japan,32,367,567,218,787,594,511,480,362,44.61,2015
556,Montana State University - Bozeman,USA,170,367,477,218,575,323,287,495,744,44.61,2015
557,University of Aveiro,Portugal,4,367,567,218,413,680,511,590,212,44.61,2015
558,"National University of Ireland, Galway",Ireland,4,367,567,218,588,546,645,503,293,44.61,2015
559,University of Oviedo,Spain,16,367,539,218,440,445,428,495,579,44.61,2015
560,Dongguk University,South Korea,19,367,305,218,927,917,812,997,108,44.61,2015
561,University of Trento,Italy,29,367,567,218,488,556,368,486,861,44.61,2015
562,University Lille 1: Sciences and Technologies,France,24,367,567,218,414,400,368,511,546,44.6,2015
563,Chang Gung University,Taiwan,7,367,567,218,344,598,812,520,824,44.6,2015
564,National Central University,Taiwan,8,225,567,218,384,468,511,520,839,44.6,2015
565,Aalborg University,Denmark,5,367,439,218,596,660,287,520,401,44.59,2015
566,Utah State University,USA,171,166,352,218,564,414,368,565,371,44.59,2015
567,Baylor University,USA,172,367,293,218,682,681,321,540,630,44.59,2015
568,Bangor University,United Kingdom,42,260,370,218,622,568,511,529,342,44.59,2015
569,King Saud University,Saudi Arabia,1,367,182,218,560,539,645,837,232,44.59,2015
570,University of Cagliari,Italy,30,367,567,218,518,567,511,486,623,44.59,2015
571,Kent State University,USA,173,367,567,218,610,436,511,486,498,44.58,2015
572,Central China Normal University,China,31,367,567,218,631,855,511,480,778,44.58,2015
573,University of Fribourg,Switzerland,8,232,252,218,734,428,428,579,787,44.58,2015
574,Medical University of Graz,Austria,6,367,567,218,573,628,812,486,576,44.58,2015
575,Second University of Naples,Italy,31,367,567,218,556,641,645,486,824,44.57,2015
576,International School for Advanced Studies,Italy,32,367,567,218,623,406,812,486,768,44.57,2015
577,Tampere University of Technology,Finland,7,367,156,218,816,646,645,796,746,44.56,2015
578,Inha University,South Korea,20,367,381,218,568,780,511,565,273,44.56,2015
579,Deakin University,Australia,14,367,424,218,502,647,321,529,636,44.56,2015
580,National Polytechnic Institute of Toulouse,France,25,367,242,218,486,672,812,646,413,44.56,2015
581,Sogang University,South Korea,21,367,567,218,806,798,812,921,115,44.56,2015
582,University of Ioannina,Greece,4,367,567,218,597,836,645,495,871,44.55,2015
583,Federal University of Rio Grande do Sul,Brazil,5,367,567,218,410,578,428,529,787,44.55,2015
584,University of Graz,Austria,7,349,453,204,571,547,812,511,600,44.54,2015
585,University of Montana - Missoula,USA,174,353,567,218,713,315,428,503,702,44.54,2015
586,East China Normal University,China,32,367,272,218,436,645,812,622,576,44.54,2015
587,Plymouth University,United Kingdom,43,367,544,218,532,429,511,511,651,44.54,2015
588,Victoria University of Wellington,New Zealand,4,317,223,218,606,469,645,646,809,44.54,2015
589,Federal University of S茫o Paulo,Brazil,6,367,567,218,504,638,368,520,839,44.53,2015
590,Southern Illinois University Carbondale,USA,175,208,533,218,591,512,812,520,588,44.53,2015
591,University of Alaska Fairbanks,USA,176,367,420,218,642,373,511,520,792,44.53,2015
592,University of Toledo,USA,177,367,567,218,618,555,812,606,220,44.53,2015
593,Carleton University,Canada,23,367,538,218,479,739,264,549,871,44.53,2015
594,Cranfield University,United Kingdom,44,367,176,218,763,762,812,770,549,44.52,2015
595,Curtin University,Australia,15,367,559,218,425,384,511,549,518,44.52,2015
596,Indian Institute of Technology Bombay,India,6,367,507,218,521,815,645,699,176,44.52,2015
597,University of Portsmouth,United Kingdom,45,367,567,218,768,719,234,540,765,44.52,2015
598,Osaka Prefecture University,Japan,33,367,411,218,688,671,812,686,187,44.52,2015
599,Nagoya City University,Japan,34,367,333,218,785,525,368,565,400,44.52,2015
600,LSU Health Sciences Center New Orleans,USA,178,367,567,218,823,544,645,503,661,44.52,2015
601,Tata Institute of Fundamental Research,India,7,367,567,218,468,450,368,540,792,44.51,2015
602,Konkuk University,South Korea,22,367,388,218,533,748,812,686,204,44.51,2015
603,University of La Laguna,Spain,17,367,567,218,514,336,645,529,661,44.51,2015
604,University of Hertfordshire,United Kingdom,46,367,567,218,792,396,511,511,839,44.51,2015
605,Florida International University,USA,179,367,567,218,496,508,428,540,585,44.5,2015
606,University of Rhode Island,USA,180,367,265,218,664,385,511,637,472,44.5,2015
607,Mississippi State University,USA,181,155,220,218,605,608,645,754,566,44.5,2015
608,Gunma University,Japan,35,367,567,218,627,531,511,590,252,44.5,2015
609,University of New Orleans,USA,182,367,567,218,944,840,428,511,871,44.5,2015
610,"Putra University, Malaysia",Malaysia,3,367,567,218,860,900,812,989,114,44.49,2015
611,Memorial University of Newfoundland,Canada,24,367,567,218,552,577,645,529,653,44.49,2015
612,Universidade Nova de Lisboa,Portugal,5,367,567,218,506,477,645,540,590,44.49,2015
613,Griffith University,Australia,16,367,567,218,436,500,368,565,556,44.49,2015
614,Indian Institute of Technology Kharagpur,India,8,367,242,218,500,974,812,686,644,44.49,2015
615,Soochow University (Suzhou),China,33,367,567,218,396,773,812,565,871,44.49,2015
616,Texas A&M Health Science Center,USA,183,367,567,218,672,440,645,558,336,44.49,2015
617,Semmelweis University,Hungary,2,367,567,218,650,481,511,529,670,44.48,2015
618,Lille 2 University of Health and Law,France,26,367,567,218,821,631,645,520,630,44.48,2015
619,Kagoshima University,Japan,36,367,281,218,733,706,511,715,251,44.48,2015
620,Flinders University,Australia,17,122,567,218,518,581,812,622,686,44.48,2015
621,Queensland University of Technology,Australia,18,367,567,218,477,750,511,558,492,44.48,2015
622,Tokai University,Japan,37,367,567,218,721,644,645,540,448,44.48,2015
623,Istanbul University,Turkey,2,253,386,218,684,560,645,558,871,44.48,2015
624,Tokyo University of Agriculture and Technology,Japan,38,367,567,218,641,756,511,606,264,44.47,2015
625,Louisiana Tech University,USA,184,367,197,218,969,871,428,754,792,44.47,2015
626,University of Texas at Arlington,USA,185,367,567,218,492,532,511,565,462,44.47,2015
627,China Agricultural University,China,34,367,534,218,407,362,645,590,572,44.47,2015
628,Chungnam National University,South Korea,23,367,567,218,470,563,645,622,290,44.47,2015
629,University of Minho,Portugal,6,367,567,218,588,652,287,606,363,44.46,2015
630,"University of Eastern Piedmont Amedeo Avogadro""""",Italy,33,367,567,218,693,623,645,540,739,44.46,2015
631,Open University (UK),United Kingdom,47,367,567,218,616,340,645,549,809,44.46,2015
632,University of Essex,United Kingdom,48,119,358,218,694,695,511,671,871,44.45,2015
633,Paris-Est Cr茅teil Val-de-Marne University,France,27,367,406,218,732,611,812,558,824,44.45,2015
634,Hacettepe University,Turkey,3,367,567,218,658,630,428,549,871,44.45,2015
635,State University of New York Upstate Medical University,USA,186,367,567,218,774,632,428,549,598,44.45,2015
636,Braunschweig University of Technology,Germany,46,226,567,218,551,383,645,622,343,44.44,2015
637,University of Salamanca,Spain,18,367,491,218,544,483,511,565,736,44.44,2015
638,Indian Institute of Technology Roorkee,India,9,367,395,218,839,931,428,565,871,44.44,2015
639,脰rebro University,Sweden,11,367,529,218,816,747,428,549,871,44.44,2015
640,Northeast Normal University,China,35,367,567,218,678,765,645,549,871,44.44,2015
641,University of Patras,Greece,5,367,567,218,510,704,511,565,731,44.44,2015
642,Beijing University of Chemical Technology,China,36,367,536,218,558,984,812,715,214,44.44,2015
643,Northern Illinois University,USA,187,367,284,218,669,661,321,671,621,44.44,2015
644,Rovira i Virgili University,Spain,19,367,567,218,555,573,428,579,485,44.44,2015
645,La Trobe University,Australia,19,367,457,218,536,455,812,579,803,44.44,2015
646,Warsaw University of Technology,Poland,3,344,545,218,696,757,287,579,824,44.43,2015
647,Binghamton University,USA,188,367,263,218,710,593,812,671,853,44.43,2015
648,Shizuoka University,Japan,39,367,476,218,834,708,645,826,163,44.43,2015
649,Hong Kong Baptist University,Hong Kong,6,367,516,218,592,937,511,565,691,44.43,2015
650,Albany Medical College,USA,189,171,567,218,893,771,645,579,720,44.43,2015
651,Ehime University,Japan,40,367,514,218,619,582,511,590,418,44.43,2015
652,University of Los Andes (Colombia),Colombia,1,367,189,218,898,561,428,837,749,44.43,2015
653,Polytechnic University of Turin,Italy,34,367,567,218,465,798,645,659,283,44.43,2015
654,University of Burgundy,France,28,224,567,218,513,527,812,590,774,44.42,2015
655,University of Idaho,USA,190,367,567,218,664,417,511,579,469,44.42,2015
656,Old Dominion University,USA,191,367,567,218,719,590,511,590,379,44.42,2015
657,Yamaguchi University,Japan,41,367,567,218,753,787,645,732,202,44.42,2015
658,Massey University,New Zealand,5,367,496,218,570,554,812,579,723,44.42,2015
659,Donghua University,China,37,367,567,218,805,962,234,622,726,44.41,2015
660,University of the Balearic Islands,Spain,20,367,567,218,629,558,428,590,503,44.41,2015
661,Portland State University,USA,192,367,245,218,800,548,812,741,484,44.41,2015
662,Marche Polytechnic University,Italy,35,367,567,218,688,649,812,565,748,44.41,2015
663,University of Qu茅bec at Montreal,Canada,25,367,422,218,537,534,428,622,871,44.41,2015
664,"UNESP, S茫o Paulo State University",Brazil,7,367,567,218,356,613,511,671,627,44.41,2015
665,Loma Linda University,USA,193,367,567,218,848,755,645,565,555,44.41,2015
666,University of Toyama,Japan,42,367,307,218,685,760,645,646,871,44.41,2015
667,University of Debrecen,Hungary,3,367,567,218,687,621,428,590,499,44.4,2015
668,"University of Maine, Orono",USA,194,345,567,218,788,427,368,637,346,44.4,2015
669,Graz University of Technology,Austria,8,367,567,218,677,715,368,622,404,44.4,2015
670,Gifu University,Japan,43,367,567,218,701,658,645,606,403,44.4,2015
671,University of Jyv盲skyl盲,Finland,8,367,525,218,456,443,812,622,805,44.4,2015
672,University of Paris 13,France,29,367,567,218,669,744,645,579,700,44.4,2015
673,University of Girona,Spain,21,367,567,218,662,843,645,579,756,44.4,2015
674,Keele University,United Kingdom,49,367,567,218,659,533,321,606,853,44.4,2015
675,University of Poitiers,France,30,255,567,148,636,470,645,671,754,44.39,2015
676,University of Insubria,Italy,36,367,567,218,705,564,645,579,871,44.39,2015
677,Wuhan University of Technology,China,38,367,499,218,738,931,428,590,763,44.39,2015
678,University of Pretoria,South Africa,5,367,262,218,620,513,511,741,604,44.39,2015
679,Banaras Hindu University,India,10,243,260,218,754,904,511,741,871,44.39,2015
680,University of L'Aquila,Italy,37,367,567,218,655,678,645,590,871,44.38,2015
681,University of Alicante,Spain,22,367,567,218,666,779,812,686,262,44.38,2015
682,American University of Beirut,Lebanon,1,114,247,218,915,892,812,880,871,44.38,2015
683,University of Ulster,United Kingdom,50,367,567,218,747,808,321,732,240,44.38,2015
684,Shanghai University,China,39,367,567,218,494,929,812,622,782,44.38,2015
685,Comenius University in Bratislava,Slovak Republic,1,367,567,218,707,624,645,590,871,44.38,2015
686,University of Vigo,Spain,23,367,567,218,577,822,428,622,621,44.38,2015
687,"University of Nevada, Las Vegas",USA,195,367,448,218,640,473,812,622,861,44.38,2015
688,Swinburne University of Technology,Australia,20,367,567,218,654,456,511,606,772,44.38,2015
689,Tilburg University,Netherlands,13,367,289,218,566,878,428,732,871,44.37,2015
690,University of Messina,Italy,38,367,567,218,608,803,812,606,871,44.37,2015
691,Kaiserslautern University of Technology,Germany,47,367,522,218,679,523,812,606,668,44.37,2015
692,University of Kent,United Kingdom,51,367,433,218,625,458,511,637,861,44.37,2015
693,University of M谩laga,Spain,24,367,567,218,660,830,645,781,203,44.37,2015
694,Loughborough University,United Kingdom,52,367,567,218,512,806,511,646,480,44.37,2015
695,National Technical University of Athens,Greece,6,187,567,218,514,950,511,659,871,44.37,2015
696,Liverpool John Moores University,United Kingdom,53,367,567,218,723,395,511,606,871,44.37,2015
697,Sharif University of Technology,Iran,1,116,567,218,563,950,511,732,871,44.37,2015
698,"Birkbeck, University of London",United Kingdom,54,300,567,218,724,339,428,622,871,44.37,2015
699,"University Fran莽ois Rabelais, Tours",France,31,201,567,218,667,499,812,637,703,44.37,2015
700,University of Haifa,Israel,7,367,372,218,535,479,812,686,503,44.36,2015
701,Roma Tre University,Italy,39,367,567,218,639,637,511,622,756,44.36,2015
702,Masaryk University,Czech Republic,2,367,567,218,645,519,645,622,705,44.36,2015
703,University of Salerno,Italy,40,367,567,218,537,835,511,646,525,44.36,2015
704,King Abdullah University of Science and Technology,Saudi Arabia,2,367,567,126,691,529,812,946,182,44.36,2015
705,Beihang University,China,40,367,383,218,460,865,645,770,307,44.35,2015
706,Fuzhou University,China,41,367,399,218,727,984,428,671,463,44.35,2015
707,Heriot-Watt University,United Kingdom,55,367,335,218,601,597,812,715,439,44.35,2015
708,China Medical University (Taiwan),Taiwan,9,367,567,218,428,686,812,671,871,44.35,2015
709,University of Cantabria,Spain,25,367,523,218,603,587,428,646,571,44.35,2015
710,Rochester Institute of Technology,USA,196,367,431,218,905,643,287,671,587,44.35,2015
711,Royal College of Surgeons in Ireland,Ireland,5,367,567,218,888,714,368,646,446,44.35,2015
712,San Francisco State University,USA,197,271,567,218,864,572,511,622,871,44.35,2015
713,Sapporo Medical University,Japan,44,367,567,218,975,837,645,637,441,44.35,2015
714,Indian Institute of Technology Kanpur,India,11,174,503,218,561,848,645,715,450,44.34,2015
715,Johannes Kepler University of Linz,Austria,9,367,378,218,742,659,645,671,560,44.34,2015
716,Czech Technical University in Prague,Czech Republic,3,347,567,218,673,816,428,646,582,44.34,2015
717,Marquette University,USA,198,367,201,218,912,785,812,896,682,44.34,2015
718,Missouri University of Science and Technology,USA,199,367,246,218,718,923,645,826,592,44.34,2015
719,Howard University,USA,200,294,567,218,934,665,511,699,296,44.33,2015
720,Aston University,United Kingdom,56,367,355,218,827,895,645,754,306,44.33,2015
721,脡cole normale sup茅rieure de Cachan,France,32,121,323,218,895,776,428,826,871,44.33,2015
722,Jichi Medical University,Japan,45,367,567,218,930,633,511,637,641,44.33,2015
723,"Rutgers, The State University of New Jersey - Newark",USA,201,367,567,218,832,515,645,637,871,44.33,2015
724,"Palack媒 University, Olomouc",Czech Republic,4,367,567,218,739,562,511,659,475,44.33,2015
725,Ankara University,Turkey,4,367,341,218,743,728,511,699,871,44.33,2015
726,University of Belgrade,Serbia,1,276,567,218,422,694,511,715,824,44.33,2015
727,Toho University,Japan,46,367,567,159,836,824,812,699,787,44.33,2015
728,Kyoto Prefectural University of Medicine,Japan,47,367,567,218,852,752,645,637,871,44.33,2015
729,Swansea University,United Kingdom,57,367,428,218,523,566,645,699,595,44.32,2015
730,Universit茅 de Namur,Belgium,8,164,464,218,881,700,645,699,716,44.32,2015
731,University of Szeged,Hungary,4,367,567,205,657,720,812,659,532,44.32,2015
732,Kitasato University,Japan,48,367,567,218,725,595,812,646,871,44.32,2015
733,Hasselt University,Belgium,9,367,340,218,829,904,645,699,761,44.32,2015
734,University of C贸rdoba (Spain),Spain,26,367,567,218,632,725,812,659,633,44.32,2015
735,脜bo Akademi University,Finland,9,367,567,218,765,679,645,646,731,44.32,2015
736,Tottori University,Japan,49,367,343,218,908,721,511,741,390,44.32,2015
737,Kindai University,Japan,50,367,567,218,680,712,428,686,437,44.32,2015
738,University of Castilla鈥揕a Mancha,Spain,27,367,567,218,627,751,812,671,519,44.31,2015
739,University of Augsburg,Germany,48,367,567,218,816,684,812,646,792,44.31,2015
740,"Paul Val茅ry University, Montpellier III",France,33,367,567,218,837,502,287,686,871,44.31,2015
741,University of Mons,Belgium,10,367,567,218,812,793,645,659,517,44.31,2015
742,Istanbul Technical University,Turkey,5,367,440,218,646,875,368,699,839,44.31,2015
743,"University of Natural Resources and Life Sciences, Vienna",Austria,10,367,567,218,778,627,511,659,611,44.31,2015
744,National University of La Plata,Argentina,2,367,513,218,546,559,511,686,871,44.31,2015
745,University of Calabria,Italy,41,367,567,218,583,890,428,686,700,44.31,2015
746,University of Memphis,USA,202,367,382,218,782,640,511,741,394,44.3,2015
747,"G. d'Annunzio University, Chieti-Pescara",Italy,42,367,567,218,750,615,812,659,871,44.3,2015
748,University of Missouri鈥揝t. Louis,USA,203,367,371,218,897,524,428,715,634,44.3,2015
749,Beijing Institute of Technology,China,42,367,567,218,528,969,511,699,569,44.3,2015
750,University of 脡vry Val d'Essonne,France,34,367,567,218,996,368,645,659,871,44.3,2015
751,University of South Australia,Australia,21,367,324,218,604,746,812,781,431,44.3,2015
752,University of Alabama in Huntsville,USA,204,367,567,218,921,432,645,659,805,44.3,2015
753,University of Salzburg,Austria,11,367,270,218,933,738,812,796,871,44.3,2015
754,University of Mississippi Medical Center,USA,205,367,567,218,775,504,511,671,871,44.29,2015
755,National Research Nuclear University MEPhI,Russia,4,306,567,218,957,699,428,671,871,44.29,2015
756,Chung-Ang University,South Korea,24,367,461,218,637,781,511,886,218,44.29,2015
757,Kaohsiung Medical University,Taiwan,10,367,567,218,539,854,812,699,661,44.29,2015
758,University of Neuch芒tel,Switzerland,9,352,567,218,863,635,812,671,640,44.29,2015
759,University of Yamanashi,Japan,51,367,567,218,869,862,645,715,382,44.29,2015
760,Yamagata University,Japan,52,367,567,218,775,736,812,686,535,44.29,2015
761,New Jersey Institute of Technology,USA,206,259,472,218,791,670,812,741,391,44.28,2015
762,East Carolina University,USA,207,367,394,218,699,685,812,732,639,44.28,2015
763,University of Hyogo,Japan,53,367,567,218,813,475,511,686,787,44.28,2015
764,University of Picardie Jules Verne,France,35,367,567,218,826,782,428,699,543,44.28,2015
765,University of Salento,Italy,43,367,567,218,661,743,511,699,654,44.28,2015
766,Northern Arizona University,USA,208,367,537,218,939,489,645,686,609,44.28,2015
767,Miguel Hern谩ndez University of Elche,Spain,28,367,567,218,757,617,812,699,497,44.28,2015
768,University of Tehran,Iran,2,181,567,218,489,984,812,770,871,44.28,2015
769,Blaise Pascal University,France,36,367,567,192,735,701,645,699,619,44.28,2015
770,Yeungnam University,South Korea,25,367,417,218,761,974,812,867,231,44.27,2015
771,Kurume University,Japan,54,367,567,218,986,770,812,699,473,44.27,2015
772,Institut national des sciences Appliqu茅es de Lyon,France,37,367,567,218,547,674,645,732,558,44.27,2015
773,Saga University,Japan,55,367,567,218,808,791,812,715,435,44.27,2015
774,Chongqing University,China,43,367,283,218,630,892,645,837,809,44.27,2015
775,Jikei University School of Medicine,Japan,56,367,567,218,959,711,645,686,797,44.27,2015
776,Second Military Medical University,China,44,367,567,218,579,664,645,754,395,44.27,2015
777,Jawaharlal Nehru Centre for Advanced Scientific Research,India,12,367,567,218,868,650,645,715,453,44.27,2015
778,"University of North Texas, Denton",USA,209,367,567,218,675,636,645,715,554,44.27,2015
779,Ege University,Turkey,6,367,567,218,761,839,511,699,871,44.27,2015
780,Mie University,Japan,57,367,567,218,835,860,645,741,368,44.27,2015
781,脡cole Polytechnique de Montr茅al,Canada,26,367,507,218,716,921,511,741,412,44.27,2015
782,AGH University of Science and Technology,Poland,4,267,279,218,708,891,511,896,398,44.26,2015
783,University of Electronic Science and Technology of China,China,45,367,308,218,529,912,812,837,552,44.26,2015
784,University of Stirling,United Kingdom,58,367,357,218,772,707,812,754,871,44.26,2015
785,University of Greifswald,Germany,49,367,567,211,714,487,812,732,476,44.26,2015
786,National Polytechnic Institute,Mexico,2,330,567,218,573,579,428,741,620,44.26,2015
787,Jacobs University Bremen,Germany,50,367,567,218,894,666,511,715,533,44.26,2015
788,Capital Medical University,China,46,367,567,218,525,754,511,741,871,44.26,2015
789,Norwegian University of Life Sciences,Norway,5,367,567,218,769,570,511,715,782,44.26,2015
790,Michigan Technological University,USA,210,341,467,218,794,769,428,741,581,44.25,2015
791,Vilnius University,Lithuania,1,340,567,218,799,642,645,715,684,44.25,2015
792,North Dakota State University - Main Campus,USA,211,172,567,218,702,790,812,770,871,44.25,2015
793,University of Hohenheim,Germany,51,367,567,218,767,691,645,715,782,44.25,2015
794,University of North Carolina at Charlotte,USA,212,367,310,218,741,662,511,826,593,44.25,2015
795,Zhengzhou University,China,47,367,427,218,663,806,812,754,749,44.25,2015
796,Cairo University,Egypt,1,285,469,180,697,730,511,781,871,44.25,2015
797,University of Caen Lower Normandy,France,38,207,567,218,637,768,812,754,787,44.25,2015
798,Saitama Medical University,Japan,58,367,567,218,993,586,645,732,488,44.25,2015
799,University of Murcia,Spain,29,367,567,218,541,703,428,781,479,44.24,2015
800,Showa University,Japan,59,367,567,218,985,759,645,715,727,44.24,2015
801,University of Oldenburg,Germany,52,367,567,218,729,619,645,732,816,44.24,2015
802,Magna Gr忙cia University of Catanzaro,Italy,44,367,567,218,948,813,812,715,766,44.24,2015
803,National Sun Yat-sen University,Taiwan,11,367,567,218,461,950,511,781,871,44.24,2015
804,Nanjing University of Science and Technology,China,48,367,331,218,796,943,368,826,694,44.24,2015
805,University of Concepci贸n,Chile,3,367,567,218,712,451,812,754,505,44.23,2015
806,Chungbuk National University,South Korea,26,367,567,218,745,859,812,809,319,44.23,2015
807,Taipei Medical University,Taiwan,12,367,567,218,499,883,645,781,661,44.23,2015
808,Jaume I University,Spain,30,367,567,218,794,958,645,741,643,44.23,2015
809,Bowling Green State University,USA,213,367,373,218,910,705,645,781,824,44.23,2015
810,Nanjing University of Technology,China,49,367,567,218,748,984,812,932,217,44.22,2015
811,University of New England (Australia),Australia,22,367,251,218,938,634,511,932,797,44.22,2015
812,Kangwon National University,South Korea,27,367,567,218,706,819,645,781,428,44.22,2015
813,Inje University,South Korea,28,367,567,218,838,928,812,809,331,44.22,2015
814,Aberystwyth University,United Kingdom,59,367,567,218,842,552,511,754,607,44.22,2015
815,"University of Technology, Sydney",Australia,23,367,543,218,580,668,511,796,520,44.22,2015
816,University of Franche-Comt茅,France,39,302,567,218,743,814,511,770,583,44.22,2015
817,University of Sassari,Italy,45,367,567,218,758,592,812,754,805,44.21,2015
818,Chiang Mai University,Thailand,3,367,550,218,847,753,511,754,871,44.21,2015
819,Budapest University of Technology and Economics,Hungary,5,256,567,218,740,761,645,781,529,44.21,2015
820,University of Maribor,Slovenia,2,367,567,218,853,820,511,754,752,44.21,2015
821,University of Bradford,United Kingdom,60,367,287,218,859,772,812,886,567,44.21,2015
822,University of Perpignan Via Domitia,France,40,160,567,218,974,580,428,826,871,44.21,2015
823,Florida Institute of Technology,USA,214,367,567,218,973,793,368,770,871,44.21,2015
824,University of Brighton,United Kingdom,61,367,567,218,854,829,812,754,766,44.21,2015
825,University of Massachusetts Boston,USA,215,367,429,218,846,698,428,796,824,44.21,2015
826,Rio de Janeiro State University,Brazil,8,367,567,218,760,910,511,770,739,44.21,2015
827,Nagoya Institute of Technology,Japan,60,367,504,218,825,958,645,921,229,44.2,2015
828,Jiangnan University,China,50,367,567,218,783,912,812,770,628,44.2,2015
829,Murdoch University,Australia,24,367,527,218,827,501,645,770,770,44.2,2015
830,"University of Wales, Trinity Saint David",United Kingdom,62,367,567,218,1000,927,645,754,871,44.2,2015
831,University of Rouen,France,41,362,567,218,700,722,812,809,414,44.2,2015
832,The Catholic University of America,USA,216,367,407,218,947,596,511,809,674,44.2,2015
833,Wright State University - Dayton,USA,217,367,567,218,810,805,812,770,824,44.2,2015
834,Dankook University,South Korea,29,367,567,218,888,948,645,896,241,44.2,2015
835,Clarkson University,USA,218,367,390,218,981,974,812,809,685,44.19,2015
836,University of Regina,Canada,27,367,567,218,851,737,645,781,573,44.19,2015
837,Bo臒azi莽i University,Turkey,7,367,519,218,843,766,511,781,824,44.19,2015
838,K艒chi University,Japan,61,367,567,218,942,788,812,781,536,44.19,2015
839,University of Miyazaki,Japan,62,290,567,218,952,692,645,826,393,44.19,2015
840,University of Electro-Communications,Japan,63,161,567,218,857,833,645,906,332,44.19,2015
841,University of Valladolid,Spain,31,367,454,218,691,888,812,850,407,44.19,2015
842,Bilkent University,Turkey,8,367,475,218,781,789,812,796,871,44.19,2015
843,Dublin City University,Ireland,6,367,567,218,803,933,511,850,347,44.19,2015
844,University of South Alabama,USA,219,367,567,218,979,784,812,796,464,44.19,2015
845,Sofia University,Bulgaria,1,254,567,218,814,881,645,796,871,44.19,2015
846,Ocean University of China,China,51,367,567,218,648,735,812,809,541,44.19,2015
847,King Fahd University of Petroleum and Minerals,Saudi Arabia,3,367,234,218,934,950,812,984,871,44.19,2015
848,University of Veterinary Medicine Vienna,Austria,12,367,567,184,872,687,511,809,654,44.19,2015
849,University of Alcal谩,Spain,32,367,567,218,746,657,812,796,608,44.18,2015
850,Hunter College,USA,220,261,438,218,822,610,812,826,805,44.18,2015
851,"All India Institute of Medical Sciences, New Delhi",India,13,367,567,218,887,886,645,781,839,44.18,2015
852,Gazi University,Turkey,9,367,468,218,750,942,645,809,871,44.18,2015
853,"National University of Ireland, Maynooth",Ireland,7,244,567,218,992,710,812,809,561,44.18,2015
854,Tehran University of Medical Sciences,Iran,3,367,567,218,771,899,812,796,871,44.18,2015
855,University of the Ryukyus,Japan,64,367,567,218,922,663,645,796,618,44.18,2015
856,Florida Atlantic University,USA,221,367,567,218,855,741,812,796,714,44.17,2015
857,University of Siegen,Germany,53,367,532,218,870,732,428,809,769,44.17,2015
858,Huazhong Agricultural University,China,52,367,567,218,651,535,645,837,494,44.17,2015
859,University of Angers,France,42,367,567,218,840,801,812,809,550,44.17,2015
860,University of Seoul,South Korea,30,367,567,218,989,907,645,921,259,44.17,2015
861,Brock University,Canada,28,367,567,218,877,727,511,809,638,44.17,2015
862,Fukuoka University,Japan,65,367,567,218,971,876,812,837,416,44.17,2015
863,Hamamatsu University School of Medicine,Japan,66,367,567,218,990,917,645,826,470,44.17,2015
864,Nanjing Normal University,China,53,367,456,218,729,709,428,850,742,44.17,2015
865,National Chung Cheng University,Taiwan,13,367,567,218,796,991,645,809,871,44.17,2015
866,Nanjing Agricultural University,China,54,367,567,218,617,726,812,837,601,44.16,2015
867,University of the Republic (Uruguay),Uruguay,66,367,567,218,814,669,812,809,871,44.16,2015
868,Sejong University,South Korea,31,367,567,218,788,845,812,837,466,44.16,2015
869,Makerere University,Uganda,1,367,567,218,882,656,645,809,871,44.16,2015
870,University of New Brunswick,Canada,29,367,354,218,777,802,812,886,591,44.16,2015
871,Northeastern University (China),China,55,367,315,218,759,974,812,906,698,44.16,2015
872,University of Extremadura,Spain,33,367,567,218,766,958,812,826,630,44.16,2015
873,RMIT University,Australia,25,367,561,218,690,929,812,837,585,44.16,2015
874,"Royal Veterinary College, University of London",United Kingdom,63,246,567,218,896,550,511,837,746,44.16,2015
875,Chung Yuan Christian University,Taiwan,14,249,320,218,779,962,812,921,871,44.16,2015
876,University of Osnabr眉ck,Germany,54,367,567,218,844,654,511,826,871,44.15,2015
877,Northwest University (China),China,56,367,567,218,904,848,368,837,871,44.15,2015
878,Chosun University,South Korea,32,367,567,218,942,984,812,991,209,44.15,2015
879,University of Orl茅ans,France,43,367,524,218,754,495,645,837,839,44.15,2015
880,Jean Monnet University,France,44,367,567,218,626,486,812,850,710,44.15,2015
881,脡cole centrale de Lyon,France,45,367,255,218,856,841,812,991,570,44.15,2015
882,University of Western Sydney,Australia,26,367,567,218,651,551,645,850,647,44.15,2015
883,Hefei University of Technology,China,57,367,302,218,914,974,812,932,871,44.15,2015
884,University of Massachusetts Lowell,USA,222,367,528,218,936,943,321,946,304,44.15,2015
885,Manchester Metropolitan University,United Kingdom,64,367,458,218,941,677,812,850,721,44.14,2015
886,Nanjing Medical University,China,58,367,567,218,582,696,812,867,761,44.14,2015
887,Kyoto Institute of Technology,Japan,67,367,567,218,982,868,812,921,287,44.14,2015
888,Shanghai Normal University,China,59,367,463,218,919,950,812,850,871,44.14,2015
889,Southwest University,China,60,268,567,218,695,897,645,867,669,44.14,2015
890,Adam Mickiewicz University in Pozna艅,Poland,5,150,567,218,675,775,812,932,657,44.14,2015
891,University of Calcutta,India,14,140,346,209,964,900,645,994,424,44.14,2015
892,University of P茅cs,Hungary,6,367,567,218,962,812,812,850,501,44.14,2015
893,"Queens College, City University of New York",USA,223,323,374,218,977,690,812,886,729,44.14,2015
894,University of Lleida,Spain,34,367,567,218,883,850,812,837,809,44.14,2015
895,Nanjing University of Aeronautics and Astronautics,China,61,367,486,218,709,974,812,867,853,44.14,2015
896,University of Western Brittany,France,46,367,567,218,840,616,812,850,599,44.13,2015
897,University of North Carolina at Greensboro,USA,224,367,567,218,899,825,645,850,575,44.13,2015
898,Pukyong National University,South Korea,33,367,567,218,906,962,812,896,356,44.13,2015
899,Fourth Military Medical University,China,62,367,567,218,609,716,645,880,692,44.13,2015
900,University of Fukui,Japan,68,367,567,218,950,797,812,850,610,44.13,2015
901,University of Southern Mississippi,USA,225,367,567,218,913,853,812,850,676,44.13,2015
902,University of Mannheim,Germany,55,367,518,218,916,903,428,867,871,44.13,2015
903,Shimane University,Japan,69,367,567,218,956,717,645,850,695,44.13,2015
904,China University of Geosciences (Wuhan),China,63,367,558,218,928,639,428,867,752,44.13,2015
905,University of Thessaly,Greece,7,367,567,218,875,984,812,850,871,44.13,2015
906,Oakland University,USA,226,367,567,218,888,810,812,850,871,44.13,2015
907,Wilfrid Laurier University,Canada,30,367,298,218,952,921,812,969,871,44.13,2015
908,Teikyo University,Japan,70,367,567,218,966,767,812,850,803,44.12,2015
909,Saitama University,Japan,71,367,349,218,959,609,511,932,545,44.12,2015
910,Trent University,Canada,31,367,509,218,923,777,511,867,782,44.12,2015
911,Nicolaus Copernicus University in Toru艅,Poland,6,367,567,218,873,821,511,867,698,44.12,2015
912,Tarbiat Modares University,Iran,4,367,567,218,769,991,812,867,871,44.12,2015
913,University of North Dakota,USA,227,367,567,218,917,731,812,867,606,44.12,2015
914,Isfahan University of Technology,Iran,5,367,567,218,682,923,645,880,871,44.12,2015
915,Fluminense Federal University,Brazil,9,367,313,218,802,892,645,958,871,44.12,2015
916,National Taiwan University of Science and Technology,Taiwan,15,367,567,218,598,991,812,886,823,44.12,2015
917,University of Lethbridge,Canada,32,367,567,218,957,718,511,867,853,44.12,2015
918,Federal University of Santa Catarina,Brazil,10,367,567,218,606,941,812,886,763,44.12,2015
919,University of Camerino,Italy,46,367,567,218,903,826,812,867,724,44.12,2015
920,University of Bras铆lia,Brazil,11,367,367,218,807,688,812,921,871,44.12,2015
921,University of Wroc艂aw,Poland,7,355,567,218,736,842,645,880,871,44.12,2015
922,University of Basilicata,Italy,47,367,567,218,940,900,645,867,871,44.12,2015
923,Jadavpur University,India,15,367,515,218,849,991,428,886,735,44.11,2015
924,South China Normal University,China,64,367,452,218,674,912,645,906,744,44.11,2015
925,University of Hyderabad,India,16,367,567,218,879,910,812,880,871,44.11,2015
926,Ritsumeikan University,Japan,72,367,325,218,906,882,511,984,430,44.1,2015
927,Carlos III University of Madrid,Spain,35,367,567,218,643,958,812,946,383,44.1,2015
928,University of Cyprus,Cyprus,1,367,567,218,820,896,645,886,816,44.1,2015
929,University of Texas at El Paso,USA,228,367,442,218,910,838,812,906,706,44.1,2015
930,University of C谩diz,Spain,36,367,567,218,850,816,812,969,311,44.1,2015
931,Shahid Beheshti University of Medical Sciences,Iran,6,367,567,218,833,920,812,886,871,44.1,2015
932,National Taiwan Normal University,Taiwan,16,367,478,218,731,939,645,906,871,44.1,2015
933,National University of C贸rdoba,Argentina,3,367,567,218,717,796,645,896,871,44.1,2015
934,Federal University of Paran谩,Brazil,12,367,497,218,697,800,812,906,772,44.1,2015
935,University of Ja茅n,Spain,37,367,567,218,920,871,645,896,563,44.09,2015
936,"University of California, Merced",USA,229,367,567,218,899,540,812,906,491,44.09,2015
937,University of Waikato,New Zealand,6,367,474,218,945,870,511,906,703,44.09,2015
938,University of Central Lancashire,United Kingdom,65,367,494,218,946,603,511,906,749,44.09,2015
939,Federal University of Pernambuco,Brazil,13,367,552,218,749,884,812,946,417,44.09,2015
940,University of Almer铆a,Spain,38,367,567,218,967,974,812,896,681,44.09,2015
941,Federal University of S茫o Carlos,Brazil,14,367,567,218,722,948,812,906,774,44.09,2015
942,Charles Darwin University,Australia,27,367,567,218,931,742,645,896,871,44.09,2015
943,Yangzhou University,China,65,367,567,218,891,873,812,896,871,44.09,2015
944,Wroc艂aw University of Technology,Poland,8,367,409,218,798,947,645,946,861,44.09,2015
945,Hirosaki University,Japan,73,367,505,218,951,844,511,906,693,44.08,2015
946,National Taiwan Ocean University,Taiwan,17,367,413,218,790,940,812,946,871,44.08,2015
947,Jiangsu University,China,66,367,556,218,808,969,812,981,323,44.08,2015
948,Northwestern Polytechnical University,China,67,367,351,218,566,962,812,989,871,44.08,2015
949,Xiangtan University,China,68,367,384,218,862,935,812,958,778,44.08,2015
950,United Arab Emirates University,United Arab Emirates,1,367,521,218,994,851,812,906,689,44.08,2015
951,Gachon University,South Korea,34,367,567,218,918,880,812,932,451,44.08,2015
952,Hallym University,South Korea,35,367,567,218,884,908,812,921,565,44.08,2015
953,Harbin Engineering University,China,69,367,567,218,970,991,645,906,839,44.07,2015
954,Dokuz Eyl眉l University,Turkey,10,367,567,218,931,957,812,906,871,44.07,2015
955,Jinan University,China,70,367,336,218,793,897,812,984,688,44.07,2015
956,Shiraz University,Iran,7,367,567,218,865,962,645,921,871,44.07,2015
957,Third Military Medical University,China,71,367,567,218,737,809,645,932,721,44.07,2015
958,Amirkabir University of Technology,Iran,8,367,567,218,725,962,645,932,871,44.07,2015
959,Public University of Navarre,Spain,39,367,567,218,972,831,812,921,697,44.07,2015
960,Federico Santa Mar铆a Technical University,Chile,4,367,567,218,955,923,368,946,645,44.07,2015
961,Federal University of ABC,Brazil,15,367,567,218,929,923,645,921,871,44.07,2015
962,University of Puerto Rico at Mayag眉ez,Puerto Rico,1,367,567,218,998,793,645,921,871,44.06,2015
963,Southern Medical University,China,72,367,567,218,801,758,812,932,782,44.06,2015
964,University of Silesia,Poland,9,367,567,218,867,864,511,932,871,44.06,2015
965,Ain Shams University,Egypt,2,367,567,218,875,832,511,932,871,44.06,2015
966,University of Valenciennes and Hainaut-Cambresis,France,47,367,567,218,866,950,645,932,871,44.06,2015
967,Chung Shan Medical University,Taiwan,18,367,567,218,727,973,645,946,871,44.06,2015
968,National University of Colombia,Colombia,2,367,312,218,871,732,812,994,861,44.06,2015
969,South China Agricultural University,China,73,367,567,218,877,811,812,932,871,44.06,2015
970,Ibaraki University,Japan,74,367,567,218,999,448,645,946,562,44.06,2015
971,Fu Jen Catholic University,Taiwan,19,367,446,218,984,887,812,958,824,44.06,2015
972,Hunan Normal University,China,74,367,567,218,923,917,812,932,871,44.06,2015
973,Ulsan National Institute of Science and Technology,South Korea,36,367,567,218,880,912,645,984,349,44.06,2015
974,Federal University of Santa Maria,Brazil,16,367,396,218,954,974,812,975,871,44.05,2015
975,Shenzhen University,China,75,367,410,218,976,778,645,999,318,44.05,2015
976,Tianjin Medical University,China,76,367,567,218,885,857,812,946,839,44.05,2015
977,Beijing University of Technology,China,77,367,567,218,780,950,812,969,512,44.05,2015
978,University of Reims Champagne-Ardenne,France,48,367,567,218,967,884,645,958,544,44.05,2015
979,Yuan Ze University,Taiwan,20,367,567,218,923,984,812,946,871,44.05,2015
980,"University of Chemistry and Technology, Prague",Czech Republic,5,367,567,218,991,868,812,946,778,44.05,2015
981,University of Limerick,Ireland,8,367,529,218,892,863,812,969,516,44.05,2015
982,China Medical University (PRC),China,78,367,567,218,804,749,645,958,871,44.04,2015
983,Feng Chia University,Taiwan,21,367,434,218,902,991,812,975,871,44.04,2015
984,Zhejiang University of Technology,China,79,367,567,218,858,991,812,958,672,44.04,2015
985,Novosibirsk State University,Russia,5,167,567,218,819,858,645,991,871,44.04,2015
986,University of Bucharest,Romania,1,237,567,218,845,804,645,975,871,44.04,2015
987,Babe葯-Bolyai University,Romania,2,367,567,218,874,855,812,958,871,44.04,2015
988,Mansoura University,Egypt,3,367,567,218,987,969,645,958,871,44.04,2015
989,University of Pau and Pays de l'Adour,France,49,367,567,218,980,991,812,958,809,44.04,2015
990,Henan Normal University,China,80,367,567,218,959,991,812,958,871,44.04,2015
991,Xidian University,China,81,367,542,218,830,974,812,984,434,44.03,2015
992,Federal University of Bahia,Brazil,17,367,540,218,962,865,645,969,774,44.03,2015
993,Southwest Jiaotong University,China,82,367,327,218,937,962,812,998,861,44.03,2015
994,Ryerson University,Canada,33,367,567,218,811,969,511,975,756,44.03,2015
995,King Abdulaziz University,Saudi Arabia,4,367,449,218,595,430,645,994,839,44.03,2015
996,University of the Algarve,Portugal,7,367,567,218,926,845,812,969,816,44.03,2015
997,Alexandria University,Egypt,4,236,566,218,997,908,645,981,871,44.03,2015
998,Federal University of Cear谩,Brazil,18,367,549,218,830,823,812,975,824,44.03,2015
999,University of A Coru帽a,Spain,40,367,567,218,886,974,812,975,651,44.02,2015
1000,China Pharmaceutical University,China,83,367,567,218,861,991,812,981,547,44.02,2015
